EmployeeID,Age,Gender,Department,YearsAtCompany,JobRole,MonthlyIncome,WorkLifeBalance,JobSatisfaction,OverTime
1,50,Female,Finance,12,Senior Developer,14928,3,3,No
2,36,Male,Engineering,7,Team Lead,4839,4,2,No
3,29,Male,Marketing,28,Clerk,5384,3,2,Yes
4,42,Non-Binary,Sales,22,Manager,12851,1,2,No
5,40,Male,Engineering,20,Manager,12053,3,3,No
6,44,Male,Sales,22,Senior Developer,13048,1,4,No
7,32,Female,Finance,18,Analyst,2685,3,3,No
8,32,Non-Binary,Sales,11,Senior Developer,9531,4,4,No
9,45,Non-Binary,Engineering,17,Analyst,6283,2,3,No
10,57,Female,Marketing,5,Team Lead,9736,3,4,No
11,45,Male,Finance,17,Team Lead,9710,4,3,Yes
12,24,Male,Engineering,18,Clerk,3619,4,2,Yes
13,43,Female,Finance,21,Analyst,14835,3,3,Yes
14,23,Female,HR,4,Clerk,8868,2,4,No
15,45,Male,Sales,23,Manager,3431,3,1,No
16,51,Non-Binary,HR,8,Analyst,11067,2,4,No
17,59,Male,Engineering,26,Senior Developer,6713,4,1,No
18,23,Female,Marketing,2,Manager,12653,4,3,No
19,42,Male,Finance,27,Manager,11557,4,4,No
20,54,Female,Sales,9,Senior Developer,11435,4,2,No
21,33,Male,Finance,18,Manager,6998,1,2,Yes
22,43,Male,Engineering,2,Analyst,2162,4,2,Yes
23,46,Male,Finance,28,Clerk,3974,4,4,No
24,48,Female,Sales,28,Manager,5291,1,1,No
25,49,Female,Engineering,21,Analyst,10461,4,4,No
26,37,Female,Finance,14,Team Lead,2631,2,1,No
27,36,Non-Binary,Marketing,0,Analyst,2905,3,4,No
28,24,Male,Engineering,6,Clerk,13663,4,4,Yes
29,58,Male,Engineering,11,Analyst,13445,3,2,Yes
30,28,Female,Marketing,16,Senior Developer,4014,1,3,No
31,42,Male,HR,29,Clerk,11833,3,2,No
32,30,Non-Binary,Sales,20,Team Lead,9896,3,3,No
33,39,Male,HR,25,Senior Developer,2204,4,1,No
34,25,Non-Binary,Finance,28,Analyst,2581,3,1,No
35,46,Male,Marketing,23,Clerk,7675,3,1,No
36,35,Female,HR,19,Team Lead,11032,4,2,No
37,30,Female,Engineering,4,Senior Developer,7347,3,2,No
38,47,Non-Binary,Finance,3,Team Lead,11911,3,3,No
39,23,Male,Finance,27,Analyst,4643,3,4,No
40,41,Female,HR,11,Team Lead,10017,4,2,No
41,49,Non-Binary,HR,29,Manager,4297,3,3,Yes
42,28,Female,Marketing,19,Senior Developer,2874,3,2,No
43,29,Female,Sales,27,Team Lead,7560,2,4,No
44,56,Female,HR,23,Analyst,2689,2,4,No
45,35,Female,HR,17,Analyst,6000,2,4,No
46,38,Female,Engineering,16,Team Lead,13333,2,4,No
47,57,Female,Finance,18,Analyst,11614,3,1,No
48,25,Non-Binary,Sales,8,Clerk,2671,4,4,No
49,23,Male,Engineering,3,Clerk,9927,3,3,Yes
50,27,Male,Marketing,25,Clerk,3171,4,2,No
51,25,Non-Binary,Marketing,20,Manager,7591,4,4,No
52,50,Female,HR,1,Team Lead,13918,4,1,No
53,39,Female,HR,3,Manager,11135,3,3,No
54,47,Female,Marketing,1,Analyst,8342,3,2,No
55,55,Male,HR,14,Manager,3449,3,2,No
56,31,Male,Sales,1,Analyst,13929,1,3,No
57,57,Female,HR,3,Analyst,4539,3,3,No
58,35,Male,Finance,5,Senior Developer,5959,4,2,Yes
59,52,Female,HR,6,Clerk,8285,4,2,No
60,36,Male,Engineering,9,Analyst,7432,2,4,No
61,29,Non-Binary,Sales,18,Senior Developer,6260,3,1,No
62,35,Non-Binary,Engineering,18,Clerk,4361,4,2,Yes
63,44,Female,Engineering,25,Analyst,8164,1,4,No
64,42,Female,Finance,21,Analyst,13844,3,4,No
65,37,Male,Sales,28,Manager,5670,4,2,Yes
66,39,Female,Sales,11,Manager,3753,3,3,No
67,45,Female,Sales,2,Clerk,10100,1,4,No
68,47,Male,Sales,12,Analyst,12544,3,4,No
69,46,Non-Binary,Sales,17,Team Lead,3938,4,3,No
70,50,Female,Finance,7,Manager,10562,3,2,No
71,36,Non-Binary,HR,20,Clerk,7976,2,2,No
72,22,Female,Engineering,14,Analyst,14671,3,2,No
73,46,Female,Sales,0,Analyst,12123,3,3,Yes
74,28,Male,HR,2,Team Lead,8588,3,1,Yes
75,30,Non-Binary,HR,25,Clerk,10616,4,3,No
76,45,Female,Engineering,7,Analyst,8304,1,2,Yes
77,22,Male,Finance,3,Manager,9345,4,2,No
78,29,Male,Marketing,15,Team Lead,14916,1,4,No
79,45,Male,Marketing,29,Clerk,9875,3,2,No
80,32,Female,HR,22,Team Lead,11086,1,1,No
81,38,Non-Binary,Engineering,9,Manager,8633,3,4,No
82,29,Male,Marketing,11,Clerk,2597,3,1,No
83,56,Female,HR,13,Team Lead,5062,3,3,No
84,56,Male,Finance,13,Senior Developer,4336,2,3,Yes
85,54,Non-Binary,Marketing,1,Manager,14880,3,2,No
86,26,Female,HR,22,Manager,11879,1,4,No
87,49,Female,HR,4,Manager,2572,4,3,No
88,28,Female,Sales,4,Senior Developer,9521,4,2,No
89,30,Male,Finance,5,Senior Developer,8171,3,1,Yes
90,29,Male,Sales,12,Analyst,9097,3,2,No
91,33,Male,Engineering,8,Team Lead,4090,3,4,No
92,55,Female,Sales,29,Analyst,8566,1,2,No
93,54,Female,Sales,21,Team Lead,13861,3,3,No
94,44,Non-Binary,Marketing,27,Senior Developer,14464,4,3,No
95,45,Non-Binary,HR,28,Senior Developer,6624,3,3,No
96,58,Female,Finance,14,Analyst,3633,2,1,No
97,56,Female,Sales,13,Clerk,3517,4,2,No
98,43,Non-Binary,Finance,23,Analyst,14485,3,3,No
99,48,Female,Sales,6,Team Lead,12849,4,2,Yes
100,56,Male,Engineering,24,Analyst,5648,3,2,No
101,22,Female,Sales,19,Manager,13780,3,1,No
102,56,Male,Marketing,1,Team Lead,3537,2,2,No
103,58,Non-Binary,HR,6,Team Lead,5137,2,4,No
104,35,Female,Engineering,5,Clerk,8985,4,1,No
105,24,Male,Sales,16,Senior Developer,2097,2,1,No
106,22,Female,Finance,26,Team Lead,13407,4,2,No
107,26,Female,Engineering,24,Senior Developer,14722,3,3,No
108,47,Male,Engineering,24,Analyst,14924,2,3,Yes
109,35,Male,Sales,27,Manager,5750,1,2,Yes
110,48,Female,Engineering,1,Clerk,13349,2,3,No
111,30,Female,Finance,2,Senior Developer,14875,4,3,Yes
112,36,Female,Engineering,4,Team Lead,10535,3,4,Yes
113,36,Female,Finance,4,Senior Developer,10174,3,4,No
114,47,Female,Sales,0,Team Lead,10103,3,2,No
115,34,Female,HR,7,Senior Developer,7413,2,2,No
116,53,Female,Engineering,11,Team Lead,6666,3,1,Yes
117,53,Female,HR,23,Analyst,2610,2,2,No
118,25,Male,Finance,3,Team Lead,3727,4,4,Yes
119,51,Male,Engineering,12,Team Lead,12482,3,2,No
120,58,Male,Marketing,22,Manager,3854,3,2,No
121,44,Female,HR,14,Team Lead,12800,3,3,No
122,36,Female,Engineering,10,Manager,7055,3,3,No
123,50,Female,HR,9,Clerk,12271,4,1,Yes
124,57,Male,Engineering,2,Manager,4324,3,2,No
125,34,Male,Sales,21,Analyst,14819,1,2,No
126,53,Male,HR,13,Manager,11369,3,3,No
127,28,Male,Marketing,15,Clerk,11283,2,1,Yes
128,43,Female,Marketing,9,Analyst,7774,1,2,No
129,49,Male,Finance,28,Senior Developer,8519,4,3,No
130,23,Male,Engineering,9,Senior Developer,12983,4,2,No
131,27,Non-Binary,HR,11,Manager,3749,4,3,No
132,49,Male,Finance,29,Manager,12867,3,2,No
133,49,Female,HR,8,Clerk,2781,3,2,No
134,41,Female,Engineering,0,Clerk,9548,2,4,No
135,51,Male,Marketing,4,Team Lead,13240,2,3,No
136,32,Female,Sales,19,Clerk,8823,4,1,No
137,49,Female,Marketing,7,Team Lead,4105,3,3,No
138,46,Non-Binary,Finance,10,Analyst,5867,4,3,No
139,54,Male,Sales,11,Manager,9193,4,3,No
140,22,Non-Binary,Finance,0,Analyst,6976,2,1,No
141,48,Female,Engineering,24,Clerk,14734,3,4,No
142,34,Male,Sales,21,Analyst,4113,3,2,No
143,24,Female,Finance,19,Analyst,7879,2,1,No
144,27,Non-Binary,Engineering,27,Analyst,5970,4,1,No
145,29,Female,Marketing,24,Clerk,12183,3,1,No
146,48,Male,Engineering,10,Analyst,11259,2,4,Yes
147,30,Female,HR,4,Team Lead,9264,3,1,No
148,58,Male,Engineering,14,Clerk,3577,4,1,No
149,54,Male,Engineering,4,Analyst,11203,2,4,Yes
150,45,Male,HR,11,Clerk,4274,4,2,No
151,36,Male,Finance,4,Senior Developer,6869,2,1,No
152,53,Male,Finance,16,Team Lead,12006,4,1,Yes
153,53,Male,Engineering,16,Analyst,8744,4,1,No
154,45,Female,HR,23,Senior Developer,4426,3,2,No
155,33,Male,HR,11,Senior Developer,7546,3,3,No
156,23,Male,Marketing,23,Clerk,8852,4,1,No
157,24,Female,Finance,27,Senior Developer,14594,3,1,Yes
158,58,Female,Sales,14,Team Lead,4551,4,3,Yes
159,38,Female,Finance,14,Team Lead,8411,2,3,No
160,23,Male,Finance,5,Manager,13849,4,2,No
161,23,Male,Marketing,11,Team Lead,2007,4,3,No
162,49,Male,Sales,26,Senior Developer,10087,4,2,Yes
163,44,Male,Marketing,28,Team Lead,4555,2,2,No
164,58,Male,Sales,19,Clerk,2475,3,3,Yes
165,53,Male,Engineering,17,Manager,7416,3,2,Yes
166,54,Male,Sales,13,Senior Developer,12403,3,4,No
167,22,Male,Marketing,1,Manager,10676,3,1,No
168,40,Female,Finance,8,Senior Developer,9239,1,3,No
169,23,Male,Sales,4,Clerk,8710,4,1,No
170,47,Male,Sales,19,Manager,7000,3,3,No
171,53,Female,HR,25,Analyst,6654,1,3,No
172,27,Female,Finance,28,Senior Developer,10078,3,4,No
173,53,Male,Engineering,0,Analyst,8063,3,1,No
174,25,Female,Marketing,22,Manager,4285,1,3,No
175,32,Female,Engineering,2,Analyst,7223,4,3,No
176,38,Male,Finance,5,Analyst,8971,4,3,Yes
177,59,Female,Sales,4,Manager,14755,3,3,No
178,45,Non-Binary,Sales,20,Clerk,5525,1,3,Yes
179,26,Male,Finance,26,Analyst,13531,4,2,No
180,55,Male,Sales,4,Analyst,4822,3,2,No
181,27,Female,Sales,0,Clerk,6943,3,2,Yes
182,43,Female,Sales,16,Analyst,8530,3,1,Yes
183,32,Male,Marketing,18,Analyst,13116,3,4,No
184,37,Male,Marketing,13,Analyst,2258,3,3,No
185,54,Male,HR,11,Team Lead,2282,3,4,Yes
186,30,Female,Engineering,9,Clerk,3898,3,2,No
187,27,Female,Finance,19,Analyst,6135,4,4,No
188,37,Male,Finance,20,Clerk,8629,3,4,No
189,50,Female,Finance,17,Senior Developer,13168,4,3,No
190,24,Female,HR,23,Senior Developer,12459,4,3,No
191,41,Male,Marketing,26,Analyst,5200,3,2,No
192,57,Male,HR,10,Clerk,7110,3,4,No
193,40,Female,Finance,29,Clerk,9167,3,3,No
194,47,Female,Engineering,1,Clerk,2612,3,1,Yes
195,24,Female,Sales,24,Team Lead,2687,4,2,Yes
196,40,Female,Marketing,17,Senior Developer,5690,3,4,Yes
197,41,Male,Marketing,28,Clerk,10804,4,4,No
198,53,Male,HR,24,Clerk,4307,1,4,No
199,28,Female,Marketing,6,Team Lead,9133,1,3,No
200,54,Male,Finance,23,Team Lead,13205,3,2,No
201,39,Male,Finance,14,Clerk,8509,2,1,No
202,22,Male,HR,10,Manager,11973,2,1,Yes
203,32,Male,Finance,17,Clerk,7906,3,1,No
204,49,Male,Engineering,22,Clerk,4591,2,2,No
205,46,Male,HR,11,Team Lead,12888,1,1,No
206,44,Male,Engineering,5,Team Lead,14150,4,2,No
207,52,Male,Sales,19,Clerk,9183,2,4,No
208,51,Female,Engineering,22,Clerk,7248,4,2,No
209,56,Female,Sales,29,Clerk,10766,4,4,No
210,28,Female,Sales,12,Team Lead,12102,4,3,No
211,37,Female,Engineering,19,Clerk,7108,1,2,No
212,47,Female,HR,15,Clerk,5604,4,2,Yes
213,23,Male,Finance,17,Analyst,2669,3,1,No
214,22,Female,Finance,9,Manager,6364,3,2,Yes
215,33,Female,Sales,27,Senior Developer,9329,3,3,No
216,26,Female,Sales,22,Manager,3283,4,1,Yes
217,58,Male,HR,7,Analyst,2923,3,2,No
218,53,Male,Marketing,17,Senior Developer,3125,4,2,No
219,30,Male,Engineering,20,Clerk,3529,3,4,No
220,56,Male,Sales,0,Analyst,11786,4,3,Yes
221,40,Female,Finance,22,Clerk,10438,4,3,Yes
222,37,Female,HR,7,Team Lead,5711,2,1,Yes
223,24,Male,Engineering,28,Analyst,10004,4,3,Yes
224,41,Non-Binary,HR,5,Team Lead,11752,1,3,Yes
225,45,Female,Engineering,4,Analyst,8274,1,3,No
226,54,Male,Engineering,14,Analyst,12592,1,4,Yes
227,45,Male,Sales,21,Team Lead,12435,3,2,Yes
228,32,Male,HR,14,Senior Developer,5864,3,4,No
229,29,Male,HR,1,Manager,12131,1,4,No
230,57,Male,Finance,0,Clerk,9833,1,1,No
231,59,Male,Finance,22,Analyst,13261,4,2,No
232,41,Male,Sales,22,Clerk,8788,4,4,No
233,56,Male,Sales,25,Team Lead,2226,4,1,Yes
234,46,Female,Marketing,10,Clerk,13739,4,3,No
235,56,Male,Finance,9,Team Lead,2264,4,4,No
236,46,Female,Engineering,29,Clerk,11587,2,3,Yes
237,50,Male,HR,17,Manager,13749,3,1,No
238,39,Non-Binary,Sales,17,Manager,2645,4,3,Yes
239,39,Male,HR,16,Manager,9544,2,2,Yes
240,23,Male,HR,25,Manager,7569,3,3,No
241,56,Non-Binary,Marketing,7,Manager,4990,1,1,No
242,37,Female,Finance,14,Manager,12091,3,3,No
243,57,Female,Sales,7,Team Lead,4504,3,3,Yes
244,54,Male,HR,16,Analyst,12964,3,3,No
245,25,Male,Sales,11,Clerk,11346,3,3,No
246,54,Female,Engineering,26,Manager,2587,3,3,No
247,35,Non-Binary,Marketing,7,Team Lead,14763,1,3,No
248,42,Female,Engineering,24,Team Lead,12013,2,1,Yes
249,41,Female,Sales,13,Team Lead,11177,4,3,Yes
250,29,Male,Sales,3,Analyst,6079,3,1,No
251,28,Female,Finance,0,Clerk,5348,2,4,No
252,24,Male,HR,0,Analyst,8299,4,1,No
253,38,Male,HR,18,Senior Developer,5831,2,2,No
254,54,Male,Engineering,15,Team Lead,11433,3,3,No
255,33,Female,Marketing,13,Senior Developer,10381,2,2,Yes
256,43,Male,HR,20,Manager,11172,4,1,No
257,43,Male,Finance,15,Manager,11890,3,3,Yes
258,51,Female,Engineering,4,Analyst,3715,2,3,No
259,59,Male,Engineering,8,Clerk,12785,4,3,No
260,59,Female,Finance,25,Senior Developer,14328,3,2,No
261,29,Male,Marketing,29,Clerk,8450,2,3,No
262,48,Female,Finance,27,Analyst,14625,2,2,Yes
263,48,Female,Marketing,1,Manager,7433,2,3,Yes
264,55,Male,Finance,17,Clerk,3098,1,3,Yes
265,42,Male,Finance,5,Clerk,9096,3,3,No
266,51,Male,Sales,8,Manager,4326,4,2,No
267,54,Male,Engineering,0,Senior Developer,13439,3,1,No
268,49,Non-Binary,Finance,8,Manager,11087,2,1,Yes
269,54,Male,Finance,24,Clerk,8416,1,1,No
270,26,Female,HR,15,Senior Developer,8980,2,2,No
271,40,Male,Engineering,12,Senior Developer,8763,3,3,No
272,25,Female,HR,8,Manager,3674,4,2,No
273,56,Female,Engineering,20,Clerk,13101,2,4,No
274,38,Female,HR,12,Analyst,9950,4,1,No
275,49,Female,Finance,8,Clerk,11122,4,3,Yes
276,51,Male,Finance,10,Team Lead,14576,3,3,No
277,50,Male,Sales,3,Analyst,10915,4,2,Yes
278,27,Non-Binary,HR,1,Senior Developer,13132,3,1,No
279,56,Female,Marketing,28,Analyst,8049,3,3,No
280,58,Non-Binary,Sales,5,Senior Developer,3089,3,2,No
281,45,Male,HR,13,Senior Developer,6578,3,4,No
282,50,Female,HR,3,Analyst,11127,2,3,No
283,52,Non-Binary,Sales,5,Senior Developer,12487,3,4,No
284,56,Male,Finance,18,Senior Developer,2155,2,2,No
285,54,Male,HR,5,Team Lead,11262,3,3,No
286,42,Female,Finance,1,Clerk,3958,2,3,No
287,53,Female,Sales,17,Clerk,12693,4,3,No
288,44,Female,Finance,12,Team Lead,8344,4,2,No
289,54,Male,Engineering,8,Analyst,7779,3,3,No
290,24,Female,Marketing,22,Manager,14411,2,2,No
291,39,Male,HR,18,Manager,8144,4,3,No
292,46,Male,Marketing,12,Manager,7063,4,2,Yes
293,52,Male,Finance,10,Team Lead,5830,4,4,Yes
294,24,Female,HR,0,Team Lead,11046,2,1,No
295,45,Female,Finance,23,Senior Developer,10831,3,4,Yes
296,53,Female,Engineering,29,Manager,12430,2,4,No
297,43,Male,Sales,21,Analyst,11794,2,4,No
298,44,Female,HR,6,Analyst,8659,4,3,No
299,23,Male,Engineering,24,Manager,2441,4,2,No
300,48,Female,Engineering,20,Manager,8040,3,4,No
301,23,Male,HR,14,Manager,7925,4,2,No
302,47,Male,Finance,0,Team Lead,9358,3,3,No
303,38,Female,Engineering,11,Team Lead,6628,3,3,No
304,54,Male,Marketing,25,Team Lead,8370,3,3,No
305,30,Female,Engineering,6,Clerk,11528,4,2,Yes
306,50,Female,Finance,14,Analyst,13892,1,3,No
307,47,Male,Finance,20,Analyst,2948,4,4,No
308,56,Female,Marketing,18,Senior Developer,13565,4,1,No
309,46,Male,Engineering,27,Team Lead,10179,2,4,No
310,45,Female,Finance,28,Clerk,8115,3,1,No
311,34,Non-Binary,HR,24,Clerk,2459,4,2,No
312,28,Female,Sales,0,Analyst,9568,3,1,No
313,57,Male,Sales,16,Team Lead,6646,4,1,Yes
314,41,Non-Binary,Sales,16,Senior Developer,2392,4,4,Yes
315,22,Female,Engineering,2,Team Lead,14130,3,2,No
316,29,Male,Marketing,11,Manager,3787,3,2,No
317,37,Male,Finance,5,Team Lead,9374,4,2,No
318,35,Female,HR,25,Manager,12449,3,3,No
319,33,Female,HR,10,Manager,3138,2,3,No
320,44,Female,Engineering,2,Senior Developer,14000,1,2,No
321,36,Female,Sales,7,Analyst,6741,3,2,Yes
322,49,Female,Engineering,13,Team Lead,9418,4,4,No
323,55,Male,Marketing,13,Manager,8362,4,2,Yes
324,23,Male,Marketing,9,Team Lead,4454,3,2,Yes
325,53,Male,Finance,1,Analyst,11658,2,2,No
326,44,Female,Finance,13,Analyst,5674,2,3,Yes
327,43,Male,Marketing,8,Clerk,3377,4,2,Yes
328,46,Female,Marketing,2,Analyst,8701,2,3,Yes
329,43,Female,Marketing,20,Senior Developer,4597,2,2,No
330,43,Female,Engineering,25,Manager,2141,2,4,No
331,27,Male,Marketing,7,Clerk,4659,3,2,No
332,36,Female,HR,15,Senior Developer,6596,4,3,No
333,58,Male,Sales,1,Team Lead,11031,2,2,No
334,54,Female,Marketing,5,Manager,13810,3,2,No
335,29,Male,Sales,27,Analyst,7661,3,3,Yes
336,26,Male,Engineering,20,Manager,8142,4,2,No
337,25,Female,Sales,28,Team Lead,14109,2,4,No
338,27,Male,Engineering,25,Clerk,7626,3,4,No
339,53,Male,HR,24,Clerk,10787,3,4,No
340,51,Female,Engineering,11,Clerk,12096,4,1,No
341,56,Female,Engineering,4,Analyst,10472,3,3,No
342,37,Female,Finance,1,Senior Developer,2423,2,2,No
343,34,Female,Marketing,15,Senior Developer,8999,3,4,No
344,51,Female,Marketing,4,Manager,14557,4,3,No
345,40,Male,HR,14,Analyst,6249,1,4,No
346,38,Male,HR,11,Clerk,3750,4,2,No
347,40,Male,Marketing,3,Clerk,6757,2,3,No
348,49,Non-Binary,Finance,14,Team Lead,3967,3,1,Yes
349,47,Female,Marketing,10,Team Lead,6088,3,3,No
350,58,Male,Finance,15,Clerk,6178,4,2,Yes
351,47,Female,HR,22,Clerk,9789,3,3,No
352,44,Non-Binary,Sales,5,Analyst,4946,4,3,No
353,30,Male,HR,13,Senior Developer,11641,4,3,No
354,33,Female,HR,17,Team Lead,7394,3,2,Yes
355,22,Female,Engineering,11,Senior Developer,9880,4,3,No
356,22,Female,Engineering,26,Analyst,12523,4,2,Yes
357,55,Male,Engineering,10,Clerk,7075,1,2,No
358,53,Female,Engineering,12,Senior Developer,12412,3,1,No
359,46,Non-Binary,Finance,20,Clerk,13981,4,2,No
360,22,Female,Marketing,22,Clerk,9230,2,2,No
361,37,Female,Sales,10,Manager,13002,4,3,No
362,26,Non-Binary,HR,22,Senior Developer,14920,4,1,Yes
363,43,Female,Finance,15,Senior Developer,3531,1,2,No
364,50,Male,Sales,14,Clerk,4990,3,4,No
365,24,Female,Finance,20,Analyst,9155,3,1,No
366,33,Female,Finance,27,Manager,6493,3,3,No
367,47,Male,HR,14,Clerk,11335,1,3,Yes
368,37,Female,Marketing,24,Team Lead,2933,1,4,No
369,58,Non-Binary,Engineering,3,Team Lead,3460,3,3,No
370,43,Non-Binary,Marketing,10,Manager,4723,4,3,No
371,50,Female,HR,18,Analyst,12704,4,4,Yes
372,35,Male,HR,14,Clerk,2285,3,2,Yes
373,49,Non-Binary,HR,3,Senior Developer,2264,1,4,No
374,26,Female,Sales,20,Manager,12559,3,1,No
375,51,Male,Marketing,12,Analyst,8816,2,4,Yes
376,26,Non-Binary,Marketing,21,Senior Developer,13639,4,2,No
377,33,Female,Finance,18,Team Lead,3762,4,3,No
378,37,Female,Finance,1,Team Lead,13240,4,2,No
379,47,Female,Finance,13,Senior Developer,12573,4,3,No
380,47,Male,HR,28,Manager,12461,1,1,No
381,42,Male,Marketing,3,Team Lead,2040,4,4,No
382,57,Male,HR,15,Clerk,7827,3,4,No
383,54,Female,Sales,20,Senior Developer,10259,4,2,No
384,51,Male,Finance,19,Senior Developer,2987,2,4,Yes
385,58,Male,HR,13,Team Lead,9804,4,3,Yes
386,44,Male,HR,26,Manager,9789,4,3,No
387,31,Female,Sales,28,Clerk,7717,1,2,Yes
388,26,Non-Binary,Engineering,14,Manager,14200,3,2,No
389,57,Male,Marketing,27,Analyst,5198,4,2,Yes
390,55,Male,Engineering,2,Analyst,7374,3,2,Yes
391,52,Female,Finance,7,Team Lead,6790,2,4,No
392,31,Female,HR,15,Team Lead,9183,2,1,No
393,40,Male,Sales,9,Team Lead,4524,2,4,No
394,53,Female,Sales,3,Analyst,11277,4,2,Yes
395,22,Male,Marketing,29,Manager,4479,3,3,Yes
396,26,Male,Engineering,17,Manager,11885,1,3,No
397,25,Female,Marketing,1,Team Lead,12507,3,4,No
398,37,Male,HR,16,Clerk,7154,3,2,No
399,45,Non-Binary,Marketing,12,Manager,2778,2,2,No
400,37,Male,Sales,3,Analyst,14781,3,2,No
401,23,Female,Sales,25,Senior Developer,11777,3,1,No
402,49,Female,Finance,24,Senior Developer,3492,3,2,No
403,53,Male,Finance,29,Senior Developer,2660,4,2,No
404,48,Female,HR,10,Clerk,3348,2,2,No
405,41,Male,Engineering,6,Team Lead,11491,3,3,No
406,45,Non-Binary,Marketing,11,Analyst,14132,3,2,No
407,33,Male,HR,9,Clerk,12178,3,2,No
408,56,Male,Finance,6,Analyst,9851,3,2,Yes
409,54,Male,Marketing,12,Analyst,9156,3,3,Yes
410,54,Non-Binary,Finance,6,Team Lead,4044,4,4,No
411,58,Female,Marketing,23,Senior Developer,9368,3,3,No
412,33,Female,Engineering,16,Team Lead,5516,3,3,Yes
413,24,Male,HR,9,Clerk,11250,4,2,No
414,22,Female,Marketing,28,Clerk,11168,3,3,No
415,54,Male,Sales,9,Clerk,6577,2,2,No
416,31,Female,Sales,23,Team Lead,2727,2,2,No
417,50,Male,Marketing,3,Analyst,12719,2,3,No
418,34,Male,Marketing,19,Analyst,13328,4,4,Yes
419,33,Male,Marketing,3,Manager,9468,4,1,Yes
420,52,Female,Sales,21,Clerk,2342,4,3,Yes
421,23,Female,Sales,6,Analyst,3447,3,3,No
422,56,Male,Marketing,21,Manager,12571,3,1,Yes
423,44,Female,Finance,0,Analyst,8581,1,2,No
424,38,Female,Finance,11,Clerk,13851,3,2,No
425,47,Female,Engineering,23,Senior Developer,8317,3,1,No
426,29,Male,HR,12,Clerk,2526,4,2,Yes
427,50,Male,Finance,9,Team Lead,12088,2,2,Yes
428,47,Female,Sales,14,Analyst,14946,3,2,Yes
429,31,Male,Finance,26,Analyst,12265,3,3,No
430,47,Male,Engineering,12,Team Lead,8748,3,3,No
431,55,Female,Engineering,22,Team Lead,2405,3,4,Yes
432,28,Non-Binary,HR,21,Senior Developer,9986,4,2,Yes
433,25,Male,Finance,21,Analyst,11765,2,3,Yes
434,32,Male,Sales,20,Analyst,14792,4,4,Yes
435,50,Female,Sales,21,Senior Developer,5740,3,3,No
436,57,Male,Marketing,27,Manager,14466,4,2,No
437,46,Male,Sales,8,Senior Developer,14419,4,3,No
438,42,Male,HR,25,Clerk,3846,3,2,No
439,57,Female,HR,8,Analyst,3478,2,2,Yes
440,31,Female,Sales,14,Team Lead,12587,4,3,No
441,58,Male,Sales,9,Clerk,2771,3,3,No
442,30,Male,Marketing,23,Analyst,7525,4,1,No
443,45,Male,Sales,25,Senior Developer,10770,2,4,No
444,56,Female,Marketing,24,Clerk,13093,3,3,Yes
445,56,Male,Marketing,28,Analyst,2193,4,2,Yes
446,57,Male,Sales,9,Manager,4007,4,4,Yes
447,39,Female,Engineering,7,Manager,3185,3,2,No
448,53,Male,Engineering,23,Team Lead,4394,4,4,No
449,45,Female,Marketing,15,Analyst,13190,3,3,No
450,44,Male,Sales,16,Manager,11984,1,1,No
451,53,Male,Engineering,25,Senior Developer,11302,3,3,No
452,58,Male,Sales,26,Analyst,6005,3,3,No
453,33,Female,Sales,4,Senior Developer,9429,4,3,Yes
454,34,Female,Sales,3,Senior Developer,4261,3,4,No
455,44,Female,Finance,17,Manager,5736,2,3,Yes
456,46,Male,Sales,23,Analyst,13985,1,3,No
457,56,Female,Finance,18,Clerk,12128,3,4,No
458,51,Male,Marketing,3,Manager,8716,3,3,Yes
459,38,Male,Engineering,27,Manager,6875,4,2,No
460,41,Female,Engineering,6,Analyst,14549,3,4,No
461,46,Male,Engineering,9,Analyst,10921,4,2,No
462,43,Male,Engineering,24,Senior Developer,6378,4,3,No
463,34,Male,Engineering,17,Analyst,9815,3,4,No
464,40,Male,Engineering,18,Senior Developer,5451,4,3,Yes
465,57,Male,Engineering,3,Manager,14649,4,3,Yes
466,33,Female,Marketing,9,Team Lead,9616,3,3,Yes
467,40,Male,Sales,0,Clerk,14728,2,2,No
468,33,Female,HR,22,Manager,12332,3,4,Yes
469,30,Female,Finance,17,Analyst,11836,3,2,No
470,28,Male,HR,4,Clerk,4800,4,1,No
471,49,Male,HR,14,Team Lead,10333,3,2,No
472,35,Male,Sales,16,Team Lead,7410,4,3,No
473,52,Female,Sales,2,Senior Developer,3455,3,3,No
474,40,Male,Sales,11,Clerk,8892,2,4,No
475,37,Female,Engineering,1,Senior Developer,7808,4,2,Yes
476,26,Male,Marketing,0,Manager,8796,3,2,Yes
477,56,Female,Engineering,22,Clerk,6796,3,1,No
478,33,Male,Marketing,20,Manager,7093,3,2,Yes
479,46,Male,Marketing,16,Senior Developer,12288,2,3,Yes
480,42,Non-Binary,HR,21,Clerk,3325,3,1,No
481,57,Female,HR,15,Senior Developer,6976,3,2,Yes
482,44,Male,Marketing,4,Clerk,11405,3,2,No
483,37,Female,Marketing,14,Senior Developer,3159,4,1,Yes
484,35,Female,Engineering,2,Team Lead,6650,3,2,No
485,52,Female,Engineering,27,Senior Developer,14691,2,1,No
486,26,Female,HR,6,Team Lead,6987,3,3,No
487,56,Male,Sales,10,Senior Developer,6697,4,4,No
488,44,Male,Marketing,9,Clerk,2340,2,3,No
489,50,Male,Engineering,8,Clerk,5828,2,4,Yes
490,32,Female,HR,13,Clerk,3968,1,2,No
491,39,Female,Engineering,12,Analyst,2703,1,3,No
492,33,Male,Marketing,28,Manager,14605,4,4,No
493,30,Male,Marketing,24,Clerk,7482,4,2,No
494,31,Female,Finance,29,Team Lead,12621,3,4,Yes
495,38,Non-Binary,Sales,24,Clerk,8376,3,1,No
496,59,Female,Finance,1,Analyst,3800,3,2,No
497,28,Male,HR,2,Team Lead,7463,4,1,Yes
498,34,Male,Engineering,6,Analyst,6912,4,3,No
499,30,Male,HR,20,Team Lead,6648,3,3,Yes
500,48,Non-Binary,Marketing,17,Senior Developer,2855,4,3,Yes
